{
  "project_info": {
    "project_number": "740046853667",
    "firebase_url": "https://everyday-362a2.firebaseio.com",
    "project_id": "everyday-362a2",
    "storage_bucket": "everyday-362a2.appspot.com"
  },
  "client": [
    {
      "client_info": {
        "mobilesdk_app_id": "1:740046853667:android:f4cf622f8616e09b1cc396",
        "android_client_info": {
          "package_name": "com.example.everyday"
        }
      },
      "oauth_client": [
        {
          "client_id": "740046853667-u0997hs7c0775954sq4jlamkbsbjgjo9.apps.googleusercontent.com",
          "client_type": 1,
          "android_info": {
            "package_name": "com.example.everyday",
            "certificate_hash": "4a2bc11d8665dbc5baf6fc678bea9daefa459597"
          }
        },
        {
          "client_id": "740046853667-h3rmahobuncsna5abpfab44cppq7jc4u.apps.googleusercontent.com",
          "client_type": 3
        }
      ],
      "api_key": [
        {
          "current_key": "AIzaSyDBrgbGRVJpsGLQBpxsMsuE7SDCKPUQ_7o"
        }
      ],
      "services": {
        "appinvite_service": {
          "other_platform_oauth_client": [
            {
              "client_id": "740046853667-h3rmahobuncsna5abpfab44cppq7jc4u.apps.googleusercontent.com",
              "client_type": 3
            }
          ]
        }
      }
    }
  ],
  "configuration_version": "1"
}